<xml xmlns:o="urn:schemas-microsoft-com:office:office">
 <o:MainFile HRef="../The%20HelloToast%20app%20consists%20of%20two.htm"/>
 <o:File HRef="themedata.thmx"/>
 <o:File HRef="colorschememapping.xml"/>
 <o:File HRef="image001.png"/>
 <o:File HRef="image037.jpg"/>
 <o:File HRef="image003.png"/>
 <o:File HRef="image004.png"/>
 <o:File HRef="image038.png"/>
 <o:File HRef="image006.png"/>
 <o:File HRef="image039.png"/>
 <o:File HRef="image007.png"/>
 <o:File HRef="image008.png"/>
 <o:File HRef="image040.png"/>
 <o:File HRef="image009.gif"/>
 <o:File HRef="image010.png"/>
 <o:File HRef="image011.png"/>
 <o:File HRef="image041.png"/>
 <o:File HRef="image012.gif"/>
 <o:File HRef="image013.gif"/>
 <o:File HRef="image014.png"/>
 <o:File HRef="image042.png"/>
 <o:File HRef="image015.png"/>
 <o:File HRef="image016.png"/>
 <o:File HRef="image017.gif"/>
 <o:File HRef="image018.png"/>
 <o:File HRef="image019.gif"/>
 <o:File HRef="image020.gif"/>
 <o:File HRef="image021.gif"/>
 <o:File HRef="image022.gif"/>
 <o:File HRef="image023.png"/>
 <o:File HRef="image024.gif"/>
 <o:File HRef="image025.png"/>
 <o:File HRef="image026.png"/>
 <o:File HRef="image043.png"/>
 <o:File HRef="image044.jpg"/>
 <o:File HRef="image029.png"/>
 <o:File HRef="image049.jpg"/>
 <o:File HRef="image031.png"/>
 <o:File HRef="image050.jpg"/>
 <o:File HRef="image033.png"/>
 <o:File HRef="image051.png"/>
 <o:File HRef="image035.png"/>
 <o:File HRef="image052.jpg"/>
 <o:File HRef="image053.png"/>
 <o:File HRef="filelist.xml"/>
</xml>